id,firstName,lastName,email,user_status,createTs
1,fcedsdg3-ecvfd5-fdfgfgdfb-fdgfdgddsfb5,Last1,user1@example.com,,6/28/2023 12:05
,,,,,
,,
,

2,First2,Last2,user2@example.com,,12/3/2024 13:31
3,First3,Last3,user3@example.com,,5/25/2023 18:21
4,First4,Last4,user4@example.com,,7/2/2025 04:48
5,First5,Last5,user5@example.com,,1/13/2024 03:39
6,First6,Last6,user6@example.com,,8/22/2023 01:27
7,First7,Last7,user7@example.com,,5/14/2024 04:16
8,First8,Last8,user8@example.com,,10/18/2023 01:28
9,First9,Last9,user9@example.com,,8/14/2023 23:26
10,First10,Last10,user10@example.com,,12/15/2024 12:27
11,First11,Last11,user11@example.com,,8/16/2023 07:31
12,First12,Last12,user12@example.com,,6/24/2025 05:11
13,First13,Last13,user13@example.com,,7/28/2024 00:37
14,First14,Last14,user14@example.com,,2/16/2024 11:32
15,First15,Last15,user15@example.com,,4/26/2025 07:40
16,First16,Last16,user16@example.com,,7/13/2025 12:06
17,First17,Last17,user17@example.com,,1/2/2023 08:29
18,First18,Last18,user18@example.com,,6/21/2025 14:48
19,First19,Last19,user19@example.com,,2/13/2025 20:51
20,First20,Last20,user20@example.com,,1/21/2025 13:39
21,First21,Last21,user21@example.com,,8/20/2025 20:21
22,First22,Last22,user22@example.com,,8/15/2025 08:27
23,First23,Last23,user23@example.com,,8/20/2024 10:51
24,First24,Last24,user24@example.com,,5/30/2025 23:01
25,First25,Last25,user25@example.com,,12/23/2022 17:59
26,First26,Last26,user26@example.com,,12/7/2023 10:23
27,First27,Last27,user27@example.com,,2/12/2025 17:36
28,First28,Last28,user28@example.com,,2/16/2025 16:03
29,First29,Last29,user29@example.com,,7/10/2025 22:50
30,First30,Last30,user30@example.com,,5/7/2025 02:11
31,First31,Last31,user31@example.com,,8/6/2023 17:23
32,First32,Last32,user32@example.com,,3/9/2023 10:16
33,First33,Last33,user33@example.com,,9/3/2025 22:37
34,First34,Last34,user34@example.com,,7/27/2024 04:00
35,First35,Last35,user35@example.com,,9/19/2023 10:34
36,First36,Last36,user36@example.com,,1/30/2023 20:52
37,First37,Last37,user37@example.com,,10/3/2024 02:44
38,First38,Last38,user38@example.com,,6/7/2024 11:02
39,First39,Last39,user39@example.com,,7/3/2023 21:17
40,First40,Last40,user40@example.com,,9/9/2023 02:54
41,First41,Last41,user41@example.com,,7/21/2023 12:11
42,First42,Last42,user42@example.com,,10/30/2023 02:58
43,First43,Last43,user43@example.com,,5/29/2024 05:57
44,First44,Last44,user44@example.com,,7/4/2025 09:30
45,First45,Last45,user45@example.com,,8/20/2024 11:19
46,First46,Last46,user46@example.com,,7/31/2023 18:45
47,First47,Last47,user47@example.com,,7/11/2023 15:32
48,First48,Last48,user48@example.com,,3/24/2023 14:17
49,First49,Last49,user49@example.com,,1/7/2023 13:36
50,First50,Last50,user50@example.com,,11/24/2024 19:01
51,First51,Last51,user51@example.com,,7/31/2025 22:58
52,First52,Last52,user52@example.com,,1/19/2024 18:22
53,First53,Last53,user53@example.com,,10/10/2023 11:04
54,First54,Last54,user54@example.com,,9/7/2024 19:23
55,First55,Last55,user55@example.com,,9/9/2023 00:26
56,First56,Last56,user56@example.com,,12/29/2023 17:48
57,First57,Last57,user57@example.com,,8/28/2023 06:04
58,First58,Last58,user58@example.com,,1/12/2023 21:52
59,First59,Last59,user59@example.com,,4/7/2023 22:42
60,First60,Last60,user60@example.com,,3/29/2023 15:33
61,First61,Last61,user61@example.com,,4/26/2024 07:57
62,First62,Last62,user62@example.com,,4/23/2023 02:08
63,First63,Last63,user63@example.com,,3/1/2025 04:32
64,First64,Last64,user64@example.com,,6/15/2023 11:23
65,First65,Last65,user65@example.com,,4/17/2023 02:29
66,First66,Last66,user66@example.com,,1/14/2025 05:52
67,First67,Last67,user67@example.com,,11/20/2024 06:59
68,First68,Last68,user68@example.com,,5/6/2023 08:51
69,First69,Last69,user69@example.com,,8/11/2023 17:02
70,First70,Last70,user70@example.com,,11/19/2024 16:17
71,First71,Last71,user71@example.com,,4/2/2024 18:56
72,First72,Last72,user72@example.com,,3/21/2025 11:46
73,First73,Last73,user73@example.com,,3/30/2025 02:06
74,First74,Last74,user74@example.com,,6/25/2024 01:15
75,First75,Last75,user75@example.com,,5/9/2024 00:54
76,First76,Last76,user76@example.com,,9/25/2024 12:58
77,First77,Last77,user77@example.com,,8/16/2024 21:35
78,First78,Last78,user78@example.com,,10/18/2023 18:10
79,First79,Last79,user79@example.com,,11/12/2024 04:53
80,First80,Last80,user80@example.com,,1/1/2023 18:18
81,First81,Last81,user81@example.com,,3/15/2023 20:19
82,First82,Last82,user82@example.com,,11/19/2024 03:13
83,First83,Last83,user83@example.com,,12/26/2022 00:13
84,First84,Last84,user84@example.com,,12/18/2024 01:56
85,First85,Last85,user85@example.com,,9/1/2024 02:21
86,First86,Last86,user86@example.com,,6/28/2024 04:54
87,First87,Last87,user87@example.com,,2/5/2023 00:28
88,First88,Last88,user88@example.com,,9/22/2024 06:01
89,First89,Last89,user89@example.com,,4/7/2023 23:45
90,First90,Last90,user90@example.com,,11/3/2023 09:40
91,First91,Last91,user91@example.com,,12/6/2024 01:38
92,First92,Last92,user92@example.com,,11/10/2023 15:24
93,First93,Last93,user93@example.com,,9/23/2023 16:52
94,First94,Last94,user94@example.com,,3/22/2023 23:13
95,First95,Last95,user95@example.com,,3/19/2025 08:36
96,First96,Last96,user96@example.com,,6/6/2024 12:37
97,First97,Last97,user97@example.com,,3/28/2023 02:28
98,First98,Last98,user98@example.com,,2/21/2024 09:52
99,First99,Last99,user99@example.com,,12/14/2022 13:27
100,First100,Last100,user100@example.com,,8/18/2023 20:26
101,First101,Last101,user101@example.com,,12/1/2024 21:28
102,First102,Last102,user102@example.com,,7/12/2025 21:07
103,First103,Last103,user103@example.com,,4/10/2025 02:48
104,First104,Last104,user104@example.com,,5/2/2025 12:50
105,First105,Last105,user105@example.com,,8/2/2025 07:17
106,First106,Last106,user106@example.com,,12/20/2024 18:06
107,First107,Last107,user107@example.com,,5/21/2024 12:02
108,First108,Last108,user108@example.com,,3/31/2025 05:23
109,First109,Last109,user109@example.com,,2/9/2023 03:45
110,First110,Last110,user110@example.com,,1/3/2023 19:50
111,First111,Last111,user111@example.com,,3/18/2025 02:54
112,First112,Last112,user112@example.com,,1/5/2024 12:10
113,First113,Last113,user113@example.com,,5/5/2025 15:34
114,First114,Last114,user114@example.com,,8/17/2023 01:03
115,First115,Last115,user115@example.com,,5/11/2024 15:16
116,First116,Last116,user116@example.com,,9/4/2024 07:30
117,First117,Last117,user117@example.com,,7/6/2024 19:08
118,First118,Last118,user118@example.com,,4/16/2024 15:54
119,First119,Last119,user119@example.com,,8/23/2025 22:07
120,First120,Last120,user120@example.com,,12/29/2024 04:13
121,First121,Last121,user121@example.com,,5/14/2025 16:49
122,First122,Last122,user122@example.com,,2/28/2025 16:43
123,First123,Last123,user123@example.com,,5/2/2024 14:48
124,First124,Last124,user124@example.com,,2/1/2024 01:39
125,First125,Last125,user125@example.com,,4/10/2023 02:04
126,First126,Last126,user126@example.com,,11/2/2024 20:28
127,First127,Last127,user127@example.com,,5/26/2025 09:11
128,First128,Last128,user128@example.com,,4/27/2023 13:31
129,First129,Last129,user129@example.com,,5/31/2023 15:16
130,First130,Last130,user130@example.com,,3/30/2024 19:37
131,First131,Last131,user131@example.com,,8/26/2024 20:49
132,First132,Last132,user132@example.com,,12/25/2023 13:45
133,First133,Last133,user133@example.com,,2/26/2024 05:13
134,First134,Last134,user134@example.com,,5/14/2024 05:27
135,First135,Last135,user135@example.com,,5/24/2023 23:19
136,First136,Last136,user136@example.com,,4/18/2025 05:33
137,First137,Last137,user137@example.com,,5/19/2023 00:43
138,First138,Last138,user138@example.com,,4/6/2024 18:27
139,First139,Last139,user139@example.com,,2/24/2023 23:12
140,First140,Last140,user140@example.com,,5/25/2025 10:09
141,First141,Last141,user141@example.com,,12/9/2022 16:47
142,First142,Last142,user142@example.com,,10/3/2023 03:25
143,First143,Last143,user143@example.com,,8/15/2024 22:54
144,First144,Last144,user144@example.com,,7/22/2023 19:24
145,First145,Last145,user145@example.com,,8/26/2025 03:30
146,First146,Last146,user146@example.com,,3/1/2023 10:54
147,First147,Last147,user147@example.com,,10/29/2024 20:53
148,First148,Last148,user148@example.com,,6/12/2025 04:16
149,First149,Last149,user149@example.com,,4/30/2023 06:50
150,First150,Last150,user150@example.com,,11/27/2024 19:25
151,First151,Last151,user151@example.com,,4/11/2023 16:13
152,First152,Last152,user152@example.com,,4/9/2023 12:15
153,First153,Last153,user153@example.com,,4/2/2025 19:33
154,First154,Last154,user154@example.com,,7/29/2024 05:34
155,First155,Last155,user155@example.com,,1/21/2025 12:40
156,First156,Last156,user156@example.com,,1/11/2025 18:31
157,First157,Last157,user157@example.com,,3/20/2025 16:29
158,First158,Last158,user158@example.com,,3/17/2024 10:54
159,First159,Last159,user159@example.com,,12/31/2022 02:21
160,First160,Last160,user160@example.com,,10/17/2023 12:13
161,First161,Last161,user161@example.com,,7/13/2024 04:00
162,First162,Last162,user162@example.com,,11/20/2024 04:53
163,First163,Last163,user163@example.com,,11/10/2024 13:02
164,First164,Last164,user164@example.com,,2/8/2023 23:17
165,First165,Last165,user165@example.com,,12/17/2022 12:36
166,First166,Last166,user166@example.com,,12/22/2022 16:57
167,First167,Last167,user167@example.com,,5/20/2025 12:18
168,First168,Last168,user168@example.com,,1/7/2024 20:34
169,First169,Last169,user169@example.com,,3/14/2025 00:56
170,First170,Last170,user170@example.com,,3/24/2025 09:12
171,First171,Last171,user171@example.com,,3/10/2023 20:27
172,First172,Last172,user172@example.com,,2/6/2025 04:38
173,First173,Last173,user173@example.com,,8/17/2023 14:19
174,First174,Last174,user174@example.com,,12/11/2024 21:16
175,First175,Last175,user175@example.com,,7/9/2025 13:56
176,First176,Last176,user176@example.com,,1/9/2025 02:00
177,First177,Last177,user177@example.com,,6/6/2023 12:19
178,First178,Last178,user178@example.com,,9/23/2023 08:10
179,First179,Last179,user179@example.com,,7/9/2024 14:54
180,First180,Last180,user180@example.com,,3/14/2023 19:26
181,First181,Last181,user181@example.com,,8/14/2025 06:42
182,First182,Last182,user182@example.com,,2/25/2023 23:55
183,First183,Last183,user183@example.com,,8/22/2024 20:40
184,First184,Last184,user184@example.com,,10/7/2023 09:50
185,First185,Last185,user185@example.com,,3/25/2024 03:15
186,First186,Last186,user186@example.com,,11/12/2023 22:59
187,First187,Last187,user187@example.com,,5/30/2023 20:04
188,First188,Last188,user188@example.com,,4/22/2025 11:25
189,First189,Last189,user189@example.com,,3/6/2025 09:43
190,First190,Last190,user190@example.com,,9/1/2025 18:12
191,First191,Last191,user191@example.com,,11/1/2023 01:44
192,First192,Last192,user192@example.com,,11/12/2024 02:21
193,First193,Last193,user193@example.com,,1/13/2025 19:28
194,First194,Last194,user194@example.com,,1/16/2024 23:43
195,First195,Last195,user195@example.com,,3/24/2023 20:54
196,First196,Last196,user196@example.com,,1/8/2024 12:44
197,First197,Last197,user197@example.com,,11/9/2023 07:18
198,First198,Last198,user198@example.com,,4/21/2024 00:27
199,First199,Last199,user199@example.com,,12/9/2023 11:31
200,First200,Last200,user200@example.com,,8/10/2023 13:58
201,First201,Last201,user201@example.com,,1/9/2023 04:15
202,First202,Last202,user202@example.com,,10/6/2024 15:46
203,First203,Last203,user203@example.com,,7/30/2023 06:29
204,First204,Last204,user204@example.com,,1/18/2024 21:19
205,First205,Last205,user205@example.com,,9/10/2023 22:40
206,First206,Last206,user206@example.com,,6/21/2024 06:36
207,First207,Last207,user207@example.com,,4/23/2025 11:42
208,First208,Last208,user208@example.com,,1/25/2025 05:50
209,First209,Last209,user209@example.com,,1/4/2023 08:12
210,First210,Last210,user210@example.com,,11/12/2023 02:30
211,First211,Last211,user211@example.com,,6/14/2023 14:33
212,First212,Last212,user212@example.com,,6/13/2023 06:30
213,First213,Last213,user213@example.com,,7/30/2024 23:56
214,First214,Last214,user214@example.com,,8/7/2024 18:02
215,First215,Last215,user215@example.com,,3/11/2025 06:38
216,First216,Last216,user216@example.com,,3/29/2025 08:55
217,First217,Last217,user217@example.com,,4/15/2023 07:13
218,First218,Last218,user218@example.com,,12/28/2024 02:23
219,First219,Last219,user219@example.com,,4/24/2024 16:27
220,First220,Last220,user220@example.com,,3/11/2025 07:33
221,First221,Last221,user221@example.com,,4/19/2023 20:15
222,First222,Last222,user222@example.com,,11/9/2023 13:55
223,First223,Last223,user223@example.com,,4/8/2024 14:08
224,First224,Last224,user224@example.com,,2/27/2024 13:46
225,First225,Last225,user225@example.com,,9/25/2024 21:53
226,First226,Last226,user226@example.com,,10/5/2023 14:57
227,First227,Last227,user227@example.com,,1/17/2023 16:08
228,First228,Last228,user228@example.com,,2/23/2024 08:49
229,First229,Last229,user229@example.com,,1/20/2024 23:14
230,First230,Last230,user230@example.com,,8/7/2024 08:00
231,First231,Last231,user231@example.com,,12/2/2023 09:46
232,First232,Last232,user232@example.com,,7/17/2024 11:44
233,First233,Last233,user233@example.com,,6/17/2025 07:59
234,First234,Last234,user234@example.com,,12/26/2024 20:03
235,First235,Last235,user235@example.com,,4/15/2025 12:52
236,First236,Last236,user236@example.com,,7/15/2023 20:37
237,First237,Last237,user237@example.com,,5/16/2024 02:14
238,First238,Last238,user238@example.com,,12/12/2023 00:55
239,First239,Last239,user239@example.com,,12/17/2022 14:10
240,First240,Last240,user240@example.com,,7/29/2023 15:23
241,First241,Last241,user241@example.com,,5/31/2023 07:29
242,First242,Last242,user242@example.com,,6/27/2025 10:11
243,First243,Last243,user243@example.com,,10/17/2024 09:15
244,First244,Last244,user244@example.com,,5/21/2023 05:01
245,First245,Last245,user245@example.com,,9/27/2024 13:25
246,First246,Last246,user246@example.com,,9/22/2024 12:55
247,First247,Last247,user247@example.com,,8/11/2024 19:40
248,First248,Last248,user248@example.com,,10/2/2024 03:33
249,First249,Last249,user249@example.com,,12/7/2023 05:43
250,First250,Last250,user250@example.com,,3/19/2023 09:52
251,First251,Last251,user251@example.com,,7/13/2023 15:26
252,First252,Last252,user252@example.com,,12/12/2023 09:22
253,First253,Last253,user253@example.com,,8/9/2025 04:57
254,First254,Last254,user254@example.com,,7/7/2023 17:02
255,First255,Last255,user255@example.com,,12/29/2023 02:30
256,First256,Last256,user256@example.com,,4/11/2025 01:57
257,First257,Last257,user257@example.com,,6/8/2024 22:17
258,First258,Last258,user258@example.com,,8/28/2023 22:07
259,First259,Last259,user259@example.com,,6/16/2023 11:24
260,First260,Last260,user260@example.com,,2/12/2023 21:21
261,First261,Last261,user261@example.com,,7/31/2024 15:18
262,First262,Last262,user262@example.com,,2/8/2023 23:41
263,First263,Last263,user263@example.com,,8/16/2024 12:16
264,First264,Last264,user264@example.com,,8/13/2024 07:30
265,First265,Last265,user265@example.com,,12/13/2023 22:31
266,First266,Last266,user266@example.com,,10/27/2023 23:01
267,First267,Last267,user267@example.com,,3/15/2025 05:01
268,First268,Last268,user268@example.com,,12/23/2023 10:30
269,First269,Last269,user269@example.com,,12/26/2023 02:20
270,First270,Last270,user270@example.com,,3/21/2025 03:33
271,First271,Last271,user271@example.com,,11/12/2024 14:04
272,First272,Last272,user272@example.com,,4/24/2023 21:46
273,First273,Last273,user273@example.com,,5/1/2024 08:16
274,First274,Last274,user274@example.com,,8/3/2023 12:12
275,First275,Last275,user275@example.com,,8/24/2025 02:08
276,First276,Last276,user276@example.com,,2/13/2024 07:57
277,First277,Last277,user277@example.com,,10/8/2023 03:58
278,First278,Last278,user278@example.com,,10/3/2024 03:50
279,First279,Last279,user279@example.com,,4/3/2025 15:14
280,First280,Last280,user280@example.com,,8/22/2023 13:34
281,First281,Last281,user281@example.com,,8/6/2023 04:44
282,First282,Last282,user282@example.com,,3/29/2023 06:23
283,First283,Last283,user283@example.com,,7/23/2023 03:27
284,First284,Last284,user284@example.com,,8/14/2025 10:33
285,First285,Last285,user285@example.com,,8/3/2024 03:51
286,First286,Last286,user286@example.com,,6/8/2024 05:58
287,First287,Last287,user287@example.com,,7/9/2025 20:44
288,First288,Last288,user288@example.com,,1/31/2024 00:25
289,First289,Last289,user289@example.com,,9/5/2023 19:01
290,First290,Last290,user290@example.com,,10/4/2023 08:48
291,First291,Last291,user291@example.com,,1/1/2025 08:34
292,First292,Last292,user292@example.com,,11/30/2023 18:04
293,First293,Last293,user293@example.com,,12/20/2023 06:20
294,First294,Last294,user294@example.com,,7/4/2024 05:09
295,First295,Last295,user295@example.com,,9/20/2023 20:04
296,First296,Last296,user296@example.com,,5/25/2023 05:17
297,First297,Last297,user297@example.com,,9/27/2024 19:08
298,First298,Last298,user298@example.com,,1/15/2024 09:00
299,First299,Last299,user299@example.com,,2/5/2025 17:02
300,First300,Last300,user300@example.com,,5/16/2024 01:24
301,First301,Last301,user301@example.com,,10/18/2024 21:34
302,First302,Last302,user302@example.com,,1/23/2024 12:13
303,First303,Last303,user303@example.com,,1/17/2024 05:00
304,First304,Last304,user304@example.com,,5/27/2024 05:45
305,First305,Last305,user305@example.com,,4/22/2024 07:45
306,First306,Last306,user306@example.com,,6/1/2023 14:32
307,First307,Last307,user307@example.com,,8/3/2023 14:16
308,First308,Last308,user308@example.com,,11/11/2023 09:39
309,First309,Last309,user309@example.com,,6/26/2023 04:16
310,First310,Last310,user310@example.com,,8/26/2023 07:59
311,First311,Last311,user311@example.com,,8/3/2024 17:47
312,First312,Last312,user312@example.com,,12/7/2024 14:10
313,First313,Last313,user313@example.com,,11/10/2024 02:52
314,First314,Last314,user314@example.com,,1/21/2023 10:39
315,First315,Last315,user315@example.com,,8/27/2025 20:19
316,First316,Last316,user316@example.com,,1/21/2024 13:32
317,First317,Last317,user317@example.com,,1/25/2025 11:05
318,First318,Last318,user318@example.com,,4/19/2024 23:32
319,First319,Last319,user319@example.com,,12/3/2024 14:15
320,First320,Last320,user320@example.com,,7/9/2024 21:33
321,First321,Last321,user321@example.com,,3/15/2023 00:01
322,First322,Last322,user322@example.com,,8/19/2025 00:19
323,First323,Last323,user323@example.com,,10/26/2024 17:02
324,First324,Last324,user324@example.com,,10/31/2023 23:41
325,First325,Last325,user325@example.com,,1/3/2023 15:55
326,First326,Last326,user326@example.com,,1/11/2024 11:50
327,First327,Last327,user327@example.com,,8/15/2023 05:41
328,First328,Last328,user328@example.com,,7/11/2024 16:25
329,First329,Last329,user329@example.com,,3/4/2024 23:00
330,First330,Last330,user330@example.com,,9/2/2023 16:31
331,First331,Last331,user331@example.com,,9/21/2023 16:56
332,First332,Last332,user332@example.com,,4/30/2023 23:43
333,First333,Last333,user333@example.com,,9/16/2024 22:33
334,First334,Last334,user334@example.com,,10/9/2023 10:54
335,First335,Last335,user335@example.com,,8/24/2023 04:01
336,First336,Last336,user336@example.com,,12/27/2024 23:54
337,First337,Last337,user337@example.com,,11/10/2023 00:36
338,First338,Last338,user338@example.com,,1/11/2025 06:48
339,First339,Last339,user339@example.com,,5/27/2023 09:20
340,First340,Last340,user340@example.com,,3/2/2023 07:11
341,First341,Last341,user341@example.com,,11/16/2023 13:44
342,First342,Last342,user342@example.com,,2/27/2025 23:39
343,First343,Last343,user343@example.com,,8/13/2025 09:50
344,First344,Last344,user344@example.com,,1/2/2023 00:03
345,First345,Last345,user345@example.com,,7/25/2025 06:22
346,First346,Last346,user346@example.com,,9/12/2024 18:23
347,First347,Last347,user347@example.com,,9/3/2023 09:19
348,First348,Last348,user348@example.com,,10/18/2023 18:48
349,First349,Last349,user349@example.com,,7/23/2023 18:53
350,First350,Last350,user350@example.com,,6/11/2023 00:21
351,First351,Last351,user351@example.com,,6/11/2024 12:02
352,First352,Last352,user352@example.com,,4/3/2024 23:06
353,First353,Last353,user353@example.com,,1/31/2025 11:19
354,First354,Last354,user354@example.com,,2/2/2023 18:14
355,First355,Last355,user355@example.com,,1/12/2024 23:47
356,First356,Last356,user356@example.com,,4/22/2023 17:07
357,First357,Last357,user357@example.com,,10/21/2024 22:10
358,First358,Last358,user358@example.com,,10/16/2024 05:54
359,First359,Last359,user359@example.com,,8/18/2024 20:14
360,First360,Last360,user360@example.com,,4/21/2024 18:27
361,First361,Last361,user361@example.com,,8/23/2024 05:47
362,First362,Last362,user362@example.com,,6/13/2023 11:33
363,First363,Last363,user363@example.com,,7/28/2025 08:29
364,First364,Last364,user364@example.com,,9/20/2023 19:56
365,First365,Last365,user365@example.com,,11/22/2024 06:15
366,First366,Last366,user366@example.com,,4/15/2023 08:19
367,First367,Last367,user367@example.com,,10/11/2024 10:03
368,First368,Last368,user368@example.com,,7/7/2025 01:02
369,First369,Last369,user369@example.com,,7/1/2024 00:43
370,First370,Last370,user370@example.com,,9/19/2023 19:37
371,First371,Last371,user371@example.com,,10/25/2023 12:51
372,First372,Last372,user372@example.com,,4/8/2025 01:19
373,First373,Last373,user373@example.com,,7/30/2023 08:39
374,First374,Last374,user374@example.com,,6/15/2024 09:16
375,First375,Last375,user375@example.com,,5/23/2023 19:50
376,First376,Last376,user376@example.com,,7/21/2023 05:34
377,First377,Last377,user377@example.com,,3/28/2023 01:15
378,First378,Last378,user378@example.com,,2/18/2023 08:56
379,First379,Last379,user379@example.com,,1/7/2024 09:56
380,First380,Last380,user380@example.com,,3/11/2025 15:57
381,First381,Last381,user381@example.com,,9/16/2024 23:12
382,First382,Last382,user382@example.com,,6/18/2023 22:22
383,First383,Last383,user383@example.com,,1/27/2024 09:55
384,First384,Last384,user384@example.com,,11/11/2023 23:53
385,First385,Last385,user385@example.com,,5/31/2025 13:14
386,First386,Last386,user386@example.com,,8/3/2025 20:25
387,First387,Last387,user387@example.com,,7/25/2025 08:36
388,First388,Last388,user388@example.com,,6/26/2023 18:52
389,First389,Last389,user389@example.com,,6/29/2023 03:26
390,First390,Last390,user390@example.com,,9/3/2024 23:01
391,First391,Last391,user391@example.com,,4/25/2025 06:06
392,First392,Last392,user392@example.com,,3/17/2024 01:59
393,First393,Last393,user393@example.com,,3/22/2024 09:07
394,First394,Last394,user394@example.com,,6/4/2025 10:54
395,First395,Last395,user395@example.com,,6/13/2023 12:23
396,First396,Last396,user396@example.com,,1/4/2024 12:57
397,First397,Last397,user397@example.com,,1/31/2024 11:48
398,First398,Last398,user398@example.com,,4/6/2023 13:30
399,First399,Last399,user399@example.com,,3/18/2023 21:32
400,First400,Last400,user400@example.com,,9/24/2024 13:37
401,First401,Last401,user401@example.com,,1/21/2025 01:04
402,First402,Last402,user402@example.com,,6/12/2023 12:38
403,First403,Last403,user403@example.com,,6/21/2024 14:34
404,First404,Last404,user404@example.com,,12/6/2024 00:51
405,First405,Last405,user405@example.com,,7/24/2023 03:48
406,First406,Last406,user406@example.com,,11/18/2024 18:25
407,First407,Last407,user407@example.com,,3/30/2024 10:37
408,First408,Last408,user408@example.com,,8/14/2025 12:38
409,First409,Last409,user409@example.com,,4/20/2024 23:54
410,First410,Last410,user410@example.com,,11/16/2023 01:16
411,First411,Last411,user411@example.com,,2/7/2023 03:24
412,First412,Last412,user412@example.com,,7/1/2025 13:48
413,First413,Last413,user413@example.com,,2/14/2025 11:18
414,First414,Last414,user414@example.com,,2/16/2023 10:48
415,First415,Last415,user415@example.com,,9/5/2025 09:03
416,First416,Last416,user416@example.com,,4/4/2024 06:47
417,First417,Last417,user417@example.com,,8/28/2023 12:15
418,First418,Last418,user418@example.com,,12/24/2022 13:50
419,First419,Last419,user419@example.com,,2/19/2023 17:52
420,First420,Last420,user420@example.com,,6/12/2024 12:33
421,First421,Last421,user421@example.com,,8/21/2025 04:09
422,First422,Last422,user422@example.com,,7/4/2023 05:33
423,First423,Last423,user423@example.com,,7/20/2024 03:35
424,First424,Last424,user424@example.com,,1/2/2023 09:03
425,First425,Last425,user425@example.com,,7/9/2024 09:29
426,First426,Last426,user426@example.com,,2/19/2024 03:36
427,First427,Last427,user427@example.com,,9/26/2024 23:32
428,First428,Last428,user428@example.com,,3/18/2025 14:19
429,First429,Last429,user429@example.com,,7/17/2024 13:19
430,First430,Last430,user430@example.com,,11/6/2024 09:46
431,First431,Last431,user431@example.com,,3/13/2024 18:56
432,First432,Last432,user432@example.com,,6/4/2023 14:17
433,First433,Last433,user433@example.com,,12/4/2023 23:01
434,First434,Last434,user434@example.com,,8/24/2024 03:28
435,First435,Last435,user435@example.com,,6/28/2023 08:36
436,First436,Last436,user436@example.com,,12/31/2023 15:10
437,First437,Last437,user437@example.com,,4/29/2024 15:23
438,First438,Last438,user438@example.com,,3/31/2025 18:23
439,First439,Last439,user439@example.com,,12/21/2023 09:15
440,First440,Last440,user440@example.com,,12/15/2022 20:53
441,First441,Last441,user441@example.com,,5/29/2023 12:36
442,First442,Last442,user442@example.com,,4/2/2024 03:05
443,First443,Last443,user443@example.com,,10/9/2023 14:47
444,First444,Last444,user444@example.com,,12/19/2022 12:25
445,First445,Last445,user445@example.com,,9/5/2025 04:11
446,First446,Last446,user446@example.com,,8/5/2025 22:58
447,First447,Last447,user447@example.com,,12/23/2023 08:34
448,First448,Last448,user448@example.com,,8/17/2025 03:33
449,First449,Last449,user449@example.com,,3/22/2024 00:28
450,First450,Last450,user450@example.com,,3/16/2024 09:00
451,First451,Last451,user451@example.com,,5/13/2023 12:25
452,First452,Last452,user452@example.com,,11/25/2024 02:40
453,First453,Last453,user453@example.com,,2/25/2025 03:48
454,First454,Last454,user454@example.com,,1/17/2025 01:57
455,First455,Last455,user455@example.com,,8/15/2025 14:45
456,First456,Last456,user456@example.com,,2/5/2023 11:17
457,First457,Last457,user457@example.com,,2/1/2023 20:53
458,First458,Last458,user458@example.com,,8/31/2025 03:49
459,First459,Last459,user459@example.com,,7/27/2025 06:07
460,First460,Last460,user460@example.com,,12/16/2023 23:27
461,First461,Last461,user461@example.com,,4/29/2023 03:18
462,First462,Last462,user462@example.com,,8/15/2023 06:58
463,First463,Last463,user463@example.com,,8/22/2023 13:43
464,First464,Last464,user464@example.com,,11/14/2024 02:53
465,First465,Last465,user465@example.com,,8/20/2023 03:12
466,First466,Last466,user466@example.com,,6/18/2023 10:03
467,First467,Last467,user467@example.com,,5/12/2025 16:51
468,First468,Last468,user468@example.com,,1/19/2023 19:38
469,First469,Last469,user469@example.com,,3/13/2024 20:58
470,First470,Last470,user470@example.com,,4/5/2023 18:34
471,First471,Last471,user471@example.com,,1/23/2025 20:23
472,First472,Last472,user472@example.com,,1/28/2023 03:33
473,First473,Last473,user473@example.com,,8/19/2025 04:40
474,First474,Last474,user474@example.com,,11/29/2024 07:51
475,First475,Last475,user475@example.com,,6/8/2024 03:03
476,First476,Last476,user476@example.com,,7/18/2025 22:58
477,First477,Last477,user477@example.com,,2/23/2025 20:44
478,First478,Last478,user478@example.com,,6/4/2025 02:27
479,First479,Last479,user479@example.com,,2/22/2024 01:07
480,First480,Last480,user480@example.com,,1/4/2024 09:12
481,First481,Last481,user481@example.com,,1/20/2024 06:16
482,First482,Last482,user482@example.com,,2/18/2024 16:41
483,First483,Last483,user483@example.com,,5/23/2023 05:16
484,First484,Last484,user484@example.com,,5/15/2024 17:32
485,First485,Last485,user485@example.com,,6/24/2024 22:33
486,First486,Last486,user486@example.com,,9/30/2024 09:30
487,First487,Last487,user487@example.com,,4/22/2024 23:45
488,First488,Last488,user488@example.com,,4/13/2024 09:24
489,First489,Last489,user489@example.com,,1/17/2023 12:12
490,First490,Last490,user490@example.com,,2/28/2023 14:36
491,First491,Last491,user491@example.com,,10/11/2024 07:10
492,First492,Last492,user492@example.com,,6/8/2025 07:44
493,First493,Last493,user493@example.com,,1/7/2024 21:08
494,First494,Last494,user494@example.com,,7/19/2025 18:44
495,First495,Last495,user495@example.com,,5/22/2025 09:09
496,First496,Last496,user496@example.com,,11/21/2024 10:38
497,First497,Last497,user497@example.com,,5/1/2024 17:35
498,First498,Last498,user498@example.com,,8/4/2024 15:08
499,First499,Last499,user499@example.com,,8/27/2023 15:53
500,First500,Last500,user500@example.com,,5/27/2023 16:34
501,First501,Last501,user501@example.com,,6/2/2024 18:55
502,First502,Last502,user502@example.com,,2/25/2024 22:56
503,First503,Last503,user503@example.com,,12/10/2024 10:55
504,First504,Last504,user504@example.com,,7/2/2023 00:53
505,First505,Last505,user505@example.com,,1/25/2023 22:59
506,First506,Last506,user506@example.com,,3/5/2023 16:18
507,First507,Last507,user507@example.com,,8/28/2024 11:52
508,First508,Last508,user508@example.com,,10/24/2023 04:52
509,First509,Last509,user509@example.com,,4/22/2025 07:21
510,First510,Last510,user510@example.com,,1/5/2023 17:35
511,First511,Last511,user511@example.com,,8/23/2025 07:15
512,First512,Last512,user512@example.com,,3/2/2023 11:24
513,First513,Last513,user513@example.com,,5/6/2023 03:06
514,First514,Last514,user514@example.com,,8/30/2023 14:04
515,First515,Last515,user515@example.com,,3/30/2024 18:28
516,First516,Last516,user516@example.com,,2/22/2024 15:13
517,First517,Last517,user517@example.com,,9/3/2024 02:22
518,First518,Last518,user518@example.com,,12/16/2022 16:00
519,First519,Last519,user519@example.com,,6/2/2024 03:39
520,First520,Last520,user520@example.com,,6/18/2024 21:55
521,First521,Last521,user521@example.com,,8/23/2024 20:04
522,First522,Last522,user522@example.com,,9/3/2025 12:34
523,First523,Last523,user523@example.com,,3/26/2023 01:52
524,First524,Last524,user524@example.com,,12/26/2022 20:43
525,First525,Last525,user525@example.com,,11/27/2024 10:15
526,First526,Last526,user526@example.com,,1/18/2023 10:21
527,First527,Last527,user527@example.com,,7/21/2023 18:42
528,First528,Last528,user528@example.com,,3/1/2025 13:27
529,First529,Last529,user529@example.com,,6/9/2024 05:03
530,First530,Last530,user530@example.com,,11/11/2023 16:49
531,First531,Last531,user531@example.com,,12/26/2022 18:33
532,First532,Last532,user532@example.com,,2/16/2024 13:14
533,First533,Last533,user533@example.com,,4/25/2023 16:53
534,First534,Last534,user534@example.com,,2/14/2025 23:53
535,First535,Last535,user535@example.com,,9/25/2024 15:25
536,First536,Last536,user536@example.com,,1/1/2025 14:27
537,First537,Last537,user537@example.com,,3/9/2024 22:30
538,First538,Last538,user538@example.com,,6/17/2024 16:50
539,First539,Last539,user539@example.com,,6/5/2023 11:35
540,First540,Last540,user540@example.com,,5/20/2023 00:55
541,First541,Last541,user541@example.com,,7/12/2025 17:37
542,First542,Last542,user542@example.com,,3/21/2024 09:15
543,First543,Last543,user543@example.com,,3/13/2024 09:23
544,First544,Last544,user544@example.com,,7/1/2023 11:58
545,First545,Last545,user545@example.com,,6/7/2023 03:59
546,First546,Last546,user546@example.com,,5/21/2025 22:13
547,First547,Last547,user547@example.com,,2/7/2023 22:20
548,First548,Last548,user548@example.com,,10/30/2023 06:16
549,First549,Last549,user549@example.com,,9/29/2024 02:44
550,First550,Last550,user550@example.com,,8/1/2025 15:19
551,First551,Last551,user551@example.com,,11/14/2024 04:31
552,First552,Last552,user552@example.com,,3/13/2024 00:11
553,First553,Last553,user553@example.com,,8/5/2023 17:37
554,First554,Last554,user554@example.com,,7/21/2025 17:06
555,First555,Last555,user555@example.com,,2/19/2023 19:09
556,First556,Last556,user556@example.com,,9/7/2024 20:16
557,First557,Last557,user557@example.com,,1/24/2025 00:34
558,First558,Last558,user558@example.com,,7/16/2023 20:04
559,First559,Last559,user559@example.com,,4/3/2024 12:00
560,First560,Last560,user560@example.com,,2/11/2024 14:55
561,First561,Last561,user561@example.com,,6/30/2023 17:57
562,First562,Last562,user562@example.com,,9/25/2024 01:20
563,First563,Last563,user563@example.com,,10/4/2024 11:55
564,First564,Last564,user564@example.com,,12/15/2024 17:13
565,First565,Last565,user565@example.com,,7/28/2023 19:41
566,First566,Last566,user566@example.com,,3/11/2023 01:46
567,First567,Last567,user567@example.com,,1/12/2025 17:30
568,First568,Last568,user568@example.com,,6/6/2023 09:29
569,First569,Last569,user569@example.com,,12/29/2024 20:56
570,First570,Last570,user570@example.com,,1/26/2023 06:02
571,First571,Last571,user571@example.com,,3/2/2023 05:26
572,First572,Last572,user572@example.com,,5/1/2023 06:59
573,First573,Last573,user573@example.com,,2/8/2023 01:30
574,First574,Last574,user574@example.com,,12/5/2024 01:19
575,First575,Last575,user575@example.com,,8/21/2025 01:25
576,First576,Last576,user576@example.com,,2/14/2023 12:16
577,First577,Last577,user577@example.com,,12/27/2023 05:24
578,First578,Last578,user578@example.com,,11/29/2024 06:24
579,First579,Last579,user579@example.com,,4/3/2023 05:30
580,First580,Last580,user580@example.com,,12/11/2023 17:01
581,First581,Last581,user581@example.com,,7/27/2023 09:39
582,First582,Last582,user582@example.com,,8/17/2024 11:16
583,First583,Last583,user583@example.com,,9/25/2024 19:23
584,First584,Last584,user584@example.com,,6/17/2024 04:46
585,First585,Last585,user585@example.com,,9/2/2025 15:34
586,First586,Last586,user586@example.com,,9/26/2024 03:48
587,First587,Last587,user587@example.com,,11/30/2023 13:16
588,First588,Last588,user588@example.com,,8/23/2025 10:40
589,First589,Last589,user589@example.com,,1/19/2025 23:08
590,First590,Last590,user590@example.com,,12/8/2023 10:05
591,First591,Last591,user591@example.com,,1/10/2023 18:26
592,First592,Last592,user592@example.com,,6/9/2025 23:36
593,First593,Last593,user593@example.com,,9/26/2024 22:05
594,First594,Last594,user594@example.com,,9/8/2024 16:04
595,First595,Last595,user595@example.com,,5/7/2024 06:11
596,First596,Last596,user596@example.com,,10/16/2023 17:49
597,First597,Last597,user597@example.com,,3/30/2023 03:03
598,First598,Last598,user598@example.com,,9/9/2023 11:09
599,First599,Last599,user599@example.com,,10/17/2024 08:30
600,First600,Last600,user600@example.com,,4/16/2024 18:36
601,First601,Last601,user601@example.com,,1/16/2024 08:57
602,First602,Last602,user602@example.com,,3/13/2024 16:53
603,First603,Last603,user603@example.com,,6/29/2025 23:13
604,First604,Last604,user604@example.com,,6/23/2025 05:04
605,First605,Last605,user605@example.com,,2/13/2023 15:00
606,First606,Last606,user606@example.com,,12/10/2023 02:13
607,First607,Last607,user607@example.com,,3/9/2024 11:39
608,First608,Last608,user608@example.com,,5/23/2024 18:30
609,First609,Last609,user609@example.com,,1/6/2025 21:09
610,First610,Last610,user610@example.com,,2/13/2023 09:09
611,First611,Last611,user611@example.com,,3/11/2025 19:26
612,First612,Last612,user612@example.com,,12/14/2023 00:39
613,First613,Last613,user613@example.com,,2/9/2025 02:11
614,First614,Last614,user614@example.com,,4/2/2023 13:23
615,First615,Last615,user615@example.com,,2/15/2023 06:29
616,First616,Last616,user616@example.com,,6/4/2023 16:20
617,First617,Last617,user617@example.com,,10/26/2023 05:43
618,First618,Last618,user618@example.com,,7/14/2024 15:50
619,First619,Last619,user619@example.com,,7/19/2023 17:16
620,First620,Last620,user620@example.com,,9/7/2024 15:50
621,First621,Last621,user621@example.com,,9/4/2024 17:12
622,First622,Last622,user622@example.com,,1/27/2023 07:50
623,First623,Last623,user623@example.com,,2/23/2023 12:32
624,First624,Last624,user624@example.com,,4/11/2025 20:51
625,First625,Last625,user625@example.com,,6/12/2025 07:17
626,First626,Last626,user626@example.com,,5/9/2025 04:30
627,First627,Last627,user627@example.com,,9/23/2024 03:15
628,First628,Last628,user628@example.com,,10/15/2024 16:59
629,First629,Last629,user629@example.com,,6/15/2024 11:41
630,First630,Last630,user630@example.com,,6/1/2024 20:04
631,First631,Last631,user631@example.com,,3/30/2024 16:25
632,First632,Last632,user632@example.com,,3/20/2023 00:25
633,First633,Last633,user633@example.com,,11/4/2024 12:26
634,First634,Last634,user634@example.com,,3/22/2023 22:33
635,First635,Last635,user635@example.com,,2/27/2023 15:56
636,First636,Last636,user636@example.com,,7/11/2023 03:09
637,First637,Last637,user637@example.com,,7/2/2025 22:50
638,First638,Last638,user638@example.com,,9/8/2023 11:50
639,First639,Last639,user639@example.com,,3/12/2024 13:10
640,First640,Last640,user640@example.com,,8/14/2025 10:32
641,First641,Last641,user641@example.com,,3/18/2023 04:45
642,First642,Last642,user642@example.com,,6/22/2023 14:52
643,First643,Last643,user643@example.com,,6/26/2023 20:48
644,First644,Last644,user644@example.com,,8/28/2025 17:38
645,First645,Last645,user645@example.com,,3/20/2024 22:09
646,First646,Last646,user646@example.com,,3/4/2024 18:34
647,First647,Last647,user647@example.com,,2/11/2023 18:45
648,First648,Last648,user648@example.com,,2/25/2024 14:07
649,First649,Last649,user649@example.com,,8/31/2024 18:05
650,First650,Last650,user650@example.com,,8/20/2025 04:47
651,First651,Last651,user651@example.com,,2/16/2023 21:07
652,First652,Last652,user652@example.com,,11/23/2024 07:33
653,First653,Last653,user653@example.com,,5/2/2024 20:24
654,First654,Last654,user654@example.com,,1/2/2025 12:55
655,First655,Last655,user655@example.com,,6/19/2024 04:20
656,First656,Last656,user656@example.com,,10/27/2023 22:27
657,First657,Last657,user657@example.com,,4/1/2023 23:57
658,First658,Last658,user658@example.com,,1/17/2024 17:03
659,First659,Last659,user659@example.com,,11/22/2023 22:04
660,First660,Last660,user660@example.com,,3/9/2023 00:15
661,First661,Last661,user661@example.com,,8/30/2024 02:07
662,First662,Last662,user662@example.com,,4/18/2023 18:22
663,First663,Last663,user663@example.com,,11/29/2024 15:58
664,First664,Last664,user664@example.com,,5/21/2024 21:08
665,First665,Last665,user665@example.com,,3/24/2023 23:45
666,First666,Last666,user666@example.com,,12/26/2024 08:15
667,First667,Last667,user667@example.com,,8/15/2023 08:52
668,First668,Last668,user668@example.com,,9/5/2025 09:32
669,First669,Last669,user669@example.com,,7/17/2023 23:49
670,First670,Last670,user670@example.com,,6/29/2024 02:27
671,First671,Last671,user671@example.com,,8/5/2023 19:13
672,First672,Last672,user672@example.com,,8/12/2023 13:57
673,First673,Last673,user673@example.com,,12/27/2024 09:02
674,First674,Last674,user674@example.com,,1/23/2024 11:01
675,First675,Last675,user675@example.com,,5/14/2023 22:10
676,First676,Last676,user676@example.com,,6/13/2024 19:43
677,First677,Last677,user677@example.com,,6/13/2024 20:53
678,First678,Last678,user678@example.com,,10/4/2023 09:18
679,First679,Last679,user679@example.com,,4/17/2024 05:18
680,First680,Last680,user680@example.com,,9/16/2024 18:14
681,First681,Last681,user681@example.com,,12/9/2022 14:36
682,First682,Last682,user682@example.com,,12/1/2024 07:02
683,First683,Last683,user683@example.com,,5/28/2025 19:51
684,First684,Last684,user684@example.com,,2/24/2023 10:38
685,First685,Last685,user685@example.com,,7/15/2023 03:16
686,First686,Last686,user686@example.com,,10/23/2023 16:08
687,First687,Last687,user687@example.com,,6/12/2025 11:50
688,First688,Last688,user688@example.com,,6/25/2024 08:17
689,First689,Last689,user689@example.com,,1/28/2025 02:55
690,First690,Last690,user690@example.com,,1/21/2025 22:01
691,First691,Last691,user691@example.com,,3/24/2025 18:54
692,First692,Last692,user692@example.com,,5/9/2023 10:04
693,First693,Last693,user693@example.com,,5/12/2024 23:17
694,First694,Last694,user694@example.com,,9/2/2023 02:15
695,First695,Last695,user695@example.com,,3/31/2023 03:17
696,First696,Last696,user696@example.com,,5/23/2023 15:23
697,First697,Last697,user697@example.com,,4/9/2023 02:59
698,First698,Last698,user698@example.com,,8/18/2025 10:59
699,First699,Last699,user699@example.com,,1/25/2025 22:17
700,First700,Last700,user700@example.com,,9/8/2024 23:51
701,First701,Last701,user701@example.com,,3/18/2023 04:08
702,First702,Last702,user702@example.com,,11/20/2024 06:54
703,First703,Last703,user703@example.com,,9/8/2024 02:38
704,First704,Last704,user704@example.com,,10/24/2024 09:40
705,First705,Last705,user705@example.com,,4/27/2024 22:36
706,First706,Last706,user706@example.com,,12/12/2023 14:42
707,First707,Last707,user707@example.com,,11/8/2023 14:52
708,First708,Last708,user708@example.com,,5/12/2023 17:33
709,First709,Last709,user709@example.com,,8/26/2023 11:00
710,First710,Last710,user710@example.com,,6/20/2023 11:15
711,First711,Last711,user711@example.com,,6/2/2023 04:16
712,First712,Last712,user712@example.com,,2/27/2025 15:05
713,First713,Last713,user713@example.com,,9/5/2024 09:26
714,First714,Last714,user714@example.com,,3/21/2023 08:06
715,First715,Last715,user715@example.com,,9/30/2024 14:56
716,First716,Last716,user716@example.com,,5/12/2025 15:15
717,First717,Last717,user717@example.com,,4/26/2023 11:20
718,First718,Last718,user718@example.com,,6/26/2024 16:35
719,First719,Last719,user719@example.com,,4/8/2025 15:25
720,First720,Last720,user720@example.com,,10/13/2023 12:18
721,First721,Last721,user721@example.com,,3/14/2023 11:30
722,First722,Last722,user722@example.com,,11/8/2024 21:09
723,First723,Last723,user723@example.com,,12/13/2022 23:02
724,First724,Last724,user724@example.com,,6/5/2025 06:06
725,First725,Last725,user725@example.com,,10/14/2024 21:23
726,First726,Last726,user726@example.com,,10/30/2024 10:51
727,First727,Last727,user727@example.com,,8/21/2023 18:12
728,First728,Last728,user728@example.com,,12/4/2024 21:56
729,First729,Last729,user729@example.com,,12/23/2024 11:34
730,First730,Last730,user730@example.com,,9/24/2024 05:47
731,First731,Last731,user731@example.com,,1/27/2023 08:43
732,First732,Last732,user732@example.com,,4/29/2023 16:13
733,First733,Last733,user733@example.com,,4/24/2024 05:48
734,First734,Last734,user734@example.com,,7/22/2025 20:34
735,First735,Last735,user735@example.com,,4/2/2025 06:35
736,First736,Last736,user736@example.com,,9/30/2023 18:35
737,First737,Last737,user737@example.com,,8/2/2025 04:06
738,First738,Last738,user738@example.com,,11/28/2024 07:04
739,First739,Last739,user739@example.com,,2/10/2025 17:48
740,First740,Last740,user740@example.com,,3/10/2023 02:29
741,First741,Last741,user741@example.com,,12/24/2022 19:13
742,First742,Last742,user742@example.com,,6/6/2025 10:53
743,First743,Last743,user743@example.com,,4/5/2025 01:03
744,First744,Last744,user744@example.com,,1/13/2023 21:20
745,First745,Last745,user745@example.com,,4/9/2023 16:28
746,First746,Last746,user746@example.com,,7/20/2023 21:57
747,First747,Last747,user747@example.com,,4/19/2024 01:57
748,First748,Last748,user748@example.com,,4/5/2024 09:45
749,First749,Last749,user749@example.com,,12/25/2023 04:55
750,First750,Last750,user750@example.com,,5/14/2023 14:17
751,First751,Last751,user751@example.com,,6/28/2023 22:21
752,First752,Last752,user752@example.com,,5/26/2024 14:05
753,First753,Last753,user753@example.com,,1/21/2023 20:51
754,First754,Last754,user754@example.com,,2/21/2024 17:48
755,First755,Last755,user755@example.com,,1/5/2024 03:42
756,First756,Last756,user756@example.com,,7/16/2025 17:45
757,First757,Last757,user757@example.com,,6/13/2025 13:30
758,First758,Last758,user758@example.com,,9/20/2023 00:03
759,First759,Last759,user759@example.com,,1/4/2023 14:13
760,First760,Last760,user760@example.com,,2/1/2024 06:58
761,First761,Last761,user761@example.com,,7/10/2025 04:45
762,First762,Last762,user762@example.com,,7/26/2025 22:13
763,First763,Last763,user763@example.com,,12/29/2023 03:07
764,First764,Last764,user764@example.com,,10/5/2024 02:50
765,First765,Last765,user765@example.com,,8/13/2024 04:13
766,First766,Last766,user766@example.com,,5/6/2023 14:31
767,First767,Last767,user767@example.com,,7/27/2023 04:27
768,First768,Last768,user768@example.com,,10/11/2023 18:25
769,First769,Last769,user769@example.com,,8/29/2025 10:23
770,First770,Last770,user770@example.com,,11/7/2024 06:56
771,First771,Last771,user771@example.com,,2/9/2023 22:28
772,First772,Last772,user772@example.com,,7/5/2023 21:16
773,First773,Last773,user773@example.com,,2/8/2023 16:17
774,First774,Last774,user774@example.com,,10/11/2023 10:40
775,First775,Last775,user775@example.com,,5/18/2023 15:03
776,First776,Last776,user776@example.com,,2/29/2024 00:37
777,First777,Last777,user777@example.com,,10/26/2024 15:18
778,First778,Last778,user778@example.com,,11/29/2024 09:42
779,First779,Last779,user779@example.com,,4/7/2025 19:17
780,First780,Last780,user780@example.com,,5/19/2024 13:46
781,First781,Last781,user781@example.com,,10/15/2024 13:13
782,First782,Last782,user782@example.com,,3/18/2024 13:11
783,First783,Last783,user783@example.com,,11/16/2024 03:35
784,First784,Last784,user784@example.com,,8/2/2023 08:21
785,First785,Last785,user785@example.com,,7/16/2025 12:29
786,First786,Last786,user786@example.com,,2/23/2025 13:21
787,First787,Last787,user787@example.com,,2/9/2023 10:29
788,First788,Last788,user788@example.com,,5/28/2025 02:39
789,First789,Last789,user789@example.com,,9/26/2023 20:17
790,First790,Last790,user790@example.com,,6/5/2023 07:40
791,First791,Last791,user791@example.com,,5/6/2025 19:36
792,First792,Last792,user792@example.com,,4/16/2025 20:32
793,First793,Last793,user793@example.com,,10/26/2023 19:43
794,First794,Last794,user794@example.com,,3/19/2024 23:45
795,First795,Last795,user795@example.com,,1/21/2023 07:44
796,First796,Last796,user796@example.com,,8/4/2025 07:48
797,First797,Last797,user797@example.com,,9/8/2024 02:54
798,First798,Last798,user798@example.com,,3/27/2025 19:50
799,First799,Last799,user799@example.com,,6/21/2025 19:27
800,First800,Last800,user800@example.com,,4/2/2025 06:39
801,First801,Last801,user801@example.com,,7/26/2025 21:26
802,First802,Last802,user802@example.com,,11/23/2024 02:48
803,First803,Last803,user803@example.com,,7/27/2024 21:26
804,First804,Last804,user804@example.com,,11/10/2024 10:45
805,First805,Last805,user805@example.com,,11/27/2024 20:34
806,First806,Last806,user806@example.com,,9/7/2024 12:37
807,First807,Last807,user807@example.com,,2/6/2025 20:26
808,First808,Last808,user808@example.com,,2/1/2024 19:33
809,First809,Last809,user809@example.com,,12/26/2022 17:41
810,First810,Last810,user810@example.com,,6/24/2025 10:35
811,First811,Last811,user811@example.com,,8/5/2025 16:38
812,First812,Last812,user812@example.com,,5/5/2024 00:21
813,First813,Last813,user813@example.com,,3/23/2024 19:29
814,First814,Last814,user814@example.com,,1/7/2025 13:54
815,First815,Last815,user815@example.com,,1/26/2023 18:27
816,First816,Last816,user816@example.com,,8/11/2023 04:11
817,First817,Last817,user817@example.com,,7/28/2023 00:31
818,First818,Last818,user818@example.com,,12/30/2022 07:38
819,First819,Last819,user819@example.com,,5/9/2023 03:25
820,First820,Last820,user820@example.com,,5/19/2023 23:46
821,First821,Last821,user821@example.com,,5/20/2025 01:38
822,First822,Last822,user822@example.com,,8/30/2024 04:21
823,First823,Last823,user823@example.com,,8/26/2025 09:26
824,First824,Last824,user824@example.com,,8/27/2023 11:40
825,First825,Last825,user825@example.com,,7/30/2025 02:44
826,First826,Last826,user826@example.com,,8/10/2023 09:19
827,First827,Last827,user827@example.com,,12/23/2024 01:22
828,First828,Last828,user828@example.com,,6/4/2023 16:57
829,First829,Last829,user829@example.com,,7/12/2025 15:53
830,First830,Last830,user830@example.com,,3/23/2023 12:45
831,First831,Last831,user831@example.com,,11/26/2024 16:39
832,First832,Last832,user832@example.com,,10/7/2024 03:06
833,First833,Last833,user833@example.com,,6/14/2025 07:14
834,First834,Last834,user834@example.com,,7/31/2023 19:41
835,First835,Last835,user835@example.com,,6/30/2024 14:46
836,First836,Last836,user836@example.com,,7/16/2025 19:08
837,First837,Last837,user837@example.com,,10/11/2023 15:40
838,First838,Last838,user838@example.com,,3/22/2025 03:36
839,First839,Last839,user839@example.com,,6/20/2024 09:38
840,First840,Last840,user840@example.com,,4/26/2024 13:10
841,First841,Last841,user841@example.com,,3/2/2025 15:18
842,First842,Last842,user842@example.com,,3/26/2025 07:32
843,First843,Last843,user843@example.com,,2/23/2024 04:02
844,First844,Last844,user844@example.com,,6/8/2024 14:04
845,First845,Last845,user845@example.com,,8/24/2025 20:04
846,First846,Last846,user846@example.com,,6/18/2023 17:20
847,First847,Last847,user847@example.com,,7/10/2025 04:31
848,First848,Last848,user848@example.com,,12/20/2023 10:40
849,First849,Last849,user849@example.com,,10/22/2023 23:06
850,First850,Last850,user850@example.com,,9/1/2023 17:37
851,First851,Last851,user851@example.com,,3/25/2025 14:41
852,First852,Last852,user852@example.com,,10/3/2024 09:04
853,First853,Last853,user853@example.com,,8/24/2025 02:06
854,First854,Last854,user854@example.com,,3/7/2024 15:32
855,First855,Last855,user855@example.com,,9/26/2024 11:07
856,First856,Last856,user856@example.com,,1/6/2024 19:12
857,First857,Last857,user857@example.com,,7/22/2025 15:44
858,First858,Last858,user858@example.com,,4/5/2023 04:57
859,First859,Last859,user859@example.com,,2/27/2025 02:40
860,First860,Last860,user860@example.com,,12/23/2024 01:34
861,First861,Last861,user861@example.com,,5/12/2023 23:41
862,First862,Last862,user862@example.com,,5/2/2023 05:25
863,First863,Last863,user863@example.com,,3/30/2025 21:45
864,First864,Last864,user864@example.com,,9/18/2024 21:06
865,First865,Last865,user865@example.com,,1/9/2024 03:21
866,First866,Last866,user866@example.com,,6/30/2024 14:11
867,First867,Last867,user867@example.com,,9/28/2023 03:46
868,First868,Last868,user868@example.com,,6/22/2025 14:27
869,First869,Last869,user869@example.com,,3/8/2024 02:29
870,First870,Last870,user870@example.com,,8/26/2024 17:59
871,First871,Last871,user871@example.com,,10/13/2024 03:18
872,First872,Last872,user872@example.com,,5/21/2023 04:50
873,First873,Last873,user873@example.com,,11/8/2024 10:35
874,First874,Last874,user874@example.com,,12/15/2024 14:16
875,First875,Last875,user875@example.com,,4/30/2024 13:27
876,First876,Last876,user876@example.com,,9/17/2023 15:10
877,First877,Last877,user877@example.com,,8/8/2023 00:13
878,First878,Last878,user878@example.com,,2/21/2023 12:09
879,First879,Last879,user879@example.com,,1/14/2024 18:55
880,First880,Last880,user880@example.com,,8/16/2024 11:23
881,First881,Last881,user881@example.com,,7/17/2024 17:10
882,First882,Last882,user882@example.com,,10/30/2023 06:00
883,First883,Last883,user883@example.com,,10/19/2023 23:19
884,First884,Last884,user884@example.com,,1/13/2024 14:04
885,First885,Last885,user885@example.com,,8/23/2024 18:37
886,First886,Last886,user886@example.com,,5/31/2023 00:10
887,First887,Last887,user887@example.com,,6/23/2023 23:01
888,First888,Last888,user888@example.com,,4/27/2024 01:20
889,First889,Last889,user889@example.com,,9/23/2024 21:28
890,First890,Last890,user890@example.com,,9/26/2024 08:58
891,First891,Last891,user891@example.com,,10/3/2024 09:02
892,First892,Last892,user892@example.com,,3/4/2025 12:06
893,First893,Last893,user893@example.com,,8/26/2024 04:25
894,First894,Last894,user894@example.com,,2/22/2025 01:49
895,First895,Last895,user895@example.com,,2/23/2023 10:09
896,First896,Last896,user896@example.com,,12/27/2023 03:51
897,First897,Last897,user897@example.com,,1/20/2023 07:41
898,First898,Last898,user898@example.com,,11/25/2024 13:34
899,First899,Last899,user899@example.com,,5/13/2024 08:20
900,First900,Last900,user900@example.com,,7/19/2025 15:55
901,First901,Last901,user901@example.com,,8/14/2023 19:34
902,First902,Last902,user902@example.com,,12/31/2024 06:35
903,First903,Last903,user903@example.com,,1/16/2024 15:20
904,First904,Last904,user904@example.com,,9/10/2024 09:04
905,First905,Last905,user905@example.com,,7/25/2023 08:30
906,First906,Last906,user906@example.com,,2/18/2025 19:53
907,First907,Last907,user907@example.com,,12/29/2024 02:54
908,First908,Last908,user908@example.com,,4/26/2023 16:30
909,First909,Last909,user909@example.com,,2/13/2023 07:44
910,First910,Last910,user910@example.com,,2/19/2024 21:53
911,First911,Last911,user911@example.com,,4/28/2023 02:51
912,First912,Last912,user912@example.com,,10/11/2023 23:39
913,First913,Last913,user913@example.com,,6/16/2023 15:48
914,First914,Last914,user914@example.com,,9/16/2023 10:48
915,First915,Last915,user915@example.com,,10/26/2023 11:10
916,First916,Last916,user916@example.com,,5/27/2023 22:52
917,First917,Last917,user917@example.com,,7/20/2025 19:44
918,First918,Last918,user918@example.com,,1/13/2025 02:13
919,First919,Last919,user919@example.com,,3/8/2023 14:36
920,First920,Last920,user920@example.com,,11/30/2024 00:13
921,First921,Last921,user921@example.com,,5/1/2024 08:11
922,First922,Last922,user922@example.com,,7/6/2024 01:18
923,First923,Last923,user923@example.com,,10/8/2023 13:17
924,First924,Last924,user924@example.com,,6/15/2025 14:49
925,First925,Last925,user925@example.com,,3/29/2023 18:14
926,First926,Last926,user926@example.com,,3/8/2025 13:18
927,First927,Last927,user927@example.com,,8/2/2024 08:24
928,First928,Last928,user928@example.com,,4/27/2023 08:42
929,First929,Last929,user929@example.com,,9/17/2024 16:17
930,First930,Last930,user930@example.com,,2/14/2025 00:39
931,First931,Last931,user931@example.com,,5/24/2025 13:26
932,First932,Last932,user932@example.com,,2/12/2024 14:58
933,First933,Last933,user933@example.com,,10/22/2023 21:15
934,First934,Last934,user934@example.com,,7/5/2025 07:36
935,First935,Last935,user935@example.com,,6/2/2025 23:25
936,First936,Last936,user936@example.com,,11/29/2024 14:38
937,First937,Last937,user937@example.com,,1/10/2025 20:36
938,First938,Last938,user938@example.com,,12/2/2023 12:56
939,First939,Last939,user939@example.com,,12/30/2023 15:13
940,First940,Last940,user940@example.com,,7/12/2024 11:02
941,First941,Last941,user941@example.com,,1/14/2024 03:50
942,First942,Last942,user942@example.com,,11/25/2023 15:50
943,First943,Last943,user943@example.com,,6/30/2024 02:36
944,First944,Last944,user944@example.com,,5/22/2023 16:41
945,First945,Last945,user945@example.com,,3/24/2025 04:20
946,First946,Last946,user946@example.com,,12/30/2023 06:35
947,First947,Last947,user947@example.com,,12/13/2023 18:50
948,First948,Last948,user948@example.com,,10/22/2023 01:15
949,First949,Last949,user949@example.com,,4/9/2024 17:30
950,First950,Last950,user950@example.com,,12/24/2023 18:14
951,First951,Last951,user951@example.com,,5/5/2025 18:30
952,First952,Last952,user952@example.com,,5/25/2023 00:30
953,First953,Last953,user953@example.com,,5/9/2023 11:11
954,First954,Last954,user954@example.com,,1/20/2023 15:14
955,First955,Last955,user955@example.com,,7/22/2025 14:25
956,First956,Last956,user956@example.com,,6/29/2024 13:27
957,First957,Last957,user957@example.com,,4/28/2024 10:57
958,First958,Last958,user958@example.com,,2/13/2024 16:46
959,First959,Last959,user959@example.com,,1/28/2023 08:17
960,First960,Last960,user960@example.com,,11/6/2024 02:25
961,First961,Last961,user961@example.com,,3/13/2025 16:48
962,First962,Last962,user962@example.com,,10/30/2024 21:35
963,First963,Last963,user963@example.com,,3/22/2023 16:25
964,First964,Last964,user964@example.com,,9/18/2023 23:15
965,First965,Last965,user965@example.com,,6/8/2025 15:36
966,First966,Last966,user966@example.com,,8/18/2025 09:57
967,First967,Last967,user967@example.com,,6/27/2023 16:02
968,First968,Last968,user968@example.com,,6/8/2025 14:45
969,First969,Last969,user969@example.com,,5/12/2024 06:16
970,First970,Last970,user970@example.com,,7/29/2023 07:45
971,First971,Last971,user971@example.com,,12/25/2023 20:59
972,First972,Last972,user972@example.com,,1/8/2025 02:34
973,First973,Last973,user973@example.com,,2/19/2024 20:24
974,First974,Last974,user974@example.com,,6/7/2024 23:26
975,First975,Last975,user975@example.com,,2/12/2023 22:49
976,First976,Last976,user976@example.com,,5/30/2024 21:51
977,First977,Last977,user977@example.com,,1/9/2025 12:35
978,First978,Last978,user978@example.com,,8/28/2024 15:16
979,First979,Last979,user979@example.com,,12/29/2022 11:22
980,First980,Last980,user980@example.com,,12/3/2023 05:52
981,First981,Last981,user981@example.com,,1/22/2025 00:40
982,First982,Last982,user982@example.com,,9/23/2024 13:55
983,First983,Last983,user983@example.com,,12/26/2023 07:36
984,First984,Last984,user984@example.com,,8/28/2023 23:54
985,First985,Last985,user985@example.com,,3/17/2024 23:03
986,First986,Last986,user986@example.com,,11/7/2024 04:10
987,First987,Last987,user987@example.com,,2/22/2024 01:39
988,First988,Last988,user988@example.com,,5/8/2023 17:49
989,First989,Last989,user989@example.com,,1/16/2023 01:25
990,First990,Last990,user990@example.com,,1/10/2025 08:27
991,First991,Last991,user991@example.com,,9/2/2023 11:45
992,First992,Last992,user992@example.com,,8/16/2025 15:20
993,First993,Last993,user993@example.com,,1/29/2025 19:57
994,First994,Last994,user994@example.com,,9/26/2023 01:50
995,First995,Last995,user995@example.com,,9/30/2024 14:38
996,First996,Last996,user996@example.com,,5/13/2025 07:06
997,First997,Last997,user997@example.com,,2/10/2024 06:20
998,First998,Last998,user998@example.com,,10/3/2023 09:01
999,First999,Last999,user999@example.com,,5/26/2023 06:26
1000,First1000,Last1000,user1000@example.com,,3/25/2025 02:02
